[{"line_id": "Line_1", "line_name": "1 Line", "late_percent": 73.1, "time": 1230786000000}, {"line_id": "Line_1", "line_name": "1 Line", "late_percent": 73.1, "time": 1233464400000}, {"line_id": "Line_1", "line_name": "1 Line", "late_percent": 73.0, "time": 1235883600000}, {"line_id": "Line_1", "line_name": "1 Line", "late_percent": 73.9, "time": 1238558400000}, {"line_id": "Line_1", "line_name": "1 Line", "late_percent": 74.1, "time": 1241150400000}, {"line_id": "Line_1", "line_name": "1 Line", "late_percent": 74.2, "time": 1243828800000}, {"line_id": "Line_1", "line_name": "1 Line", "late_percent": 74.4, "time": 1246420800000}, {"line_id": "Line_1", "line_name": "1 Line", "late_percent": 75.2, "time": 1249099200000}, {"line_id": "Line_1", "line_name": "1 Line", "late_percent": 75.6, "time": 1251777600000}, {"line_id": "Line_1", "line_name": "1 Line", "late_percent": 75.5, "time": 1254369600000}, {"line_id": "Line_1", "line_name": "1 Line", "late_percent": 76.0, "time": 1257048000000}, {"line_id": "Line_1", "line_name": "1 Line", "late_percent": 76.3, "time": 1259643600000}, {"line_id": "Line_1", "line_name": "1 Line", "late_percent": 76.5, "time": 1262322000000}, {"line_id": "Line_1", "line_name": "1 Line", "late_percent": 77.1, "time": 1265000400000}, {"line_id": "Line_1", "line_name": "1 Line", "late_percent": 77.1, "time": 1267419600000}, {"line_id": "Line_1", "line_name": "1 Line", "late_percent": 76.9, "time": 1270094400000}, {"line_id": "Line_1", "line_name": "1 Line", "late_percent": 76.9, "time": 1272686400000}, {"line_id": "Line_1", "line_name": "1 Line", "late_percent": 77.3, "time": 1275364800000}, {"line_id": "Line_1", "line_name": "1 Line", "late_percent": 75.3, "time": 1277956800000}, {"line_id": "Line_1", "line_name": "1 Line", "late_percent": 75.6, "time": 1280635200000}, {"line_id": "Line_1", "line_name": "1 Line", "late_percent": 74.6, "time": 1283313600000}, {"line_id": "Line_1", "line_name": "1 Line", "late_percent": 73.9, "time": 1288584000000}, {"line_id": "Line_1", "line_name": "1 Line", "late_percent": 75.9, "time": 1293858000000}, {"line_id": "Line_1", "line_name": "1 Line", "late_percent": 77.3, "time": 1296536400000}, {"line_id": "Line_1", "line_name": "1 Line", "late_percent": 78.3, "time": 1298955600000}, {"line_id": "Line_1", "line_name": "1 Line", "late_percent": 78.6, "time": 1301630400000}, {"line_id": "Line_2", "line_name": "2 Line", "late_percent": 71.8, "time": 1230786000000}, {"line_id": "Line_2", "line_name": "2 Line", "late_percent": 71.9, "time": 1233464400000}, {"line_id": "Line_2", "line_name": "2 Line", "late_percent": 72.3, "time": 1235883600000}, {"line_id": "Line_2", "line_name": "2 Line", "late_percent": 72.8, "time": 1238558400000}, {"line_id": "Line_2", "line_name": "2 Line", "late_percent": 72.9, "time": 1241150400000}, {"line_id": "Line_2", "line_name": "2 Line", "late_percent": 72.2, "time": 1243828800000}, {"line_id": "Line_2", "line_name": "2 Line", "late_percent": 73.2, "time": 1246420800000}, {"line_id": "Line_2", "line_name": "2 Line", "late_percent": 73.5, "time": 1249099200000}, {"line_id": "Line_2", "line_name": "2 Line", "late_percent": 73.9, "time": 1251777600000}, {"line_id": "Line_2", "line_name": "2 Line", "late_percent": 74.2, "time": 1254369600000}, {"line_id": "Line_2", "line_name": "2 Line", "late_percent": 74.3, "time": 1257048000000}, {"line_id": "Line_2", "line_name": "2 Line", "late_percent": 74.3, "time": 1259643600000}, {"line_id": "Line_2", "line_name": "2 Line", "late_percent": 74.2, "time": 1262322000000}, {"line_id": "Line_2", "line_name": "2 Line", "late_percent": 73.9, "time": 1265000400000}, {"line_id": "Line_2", "line_name": "2 Line", "late_percent": 74.1, "time": 1267419600000}, {"line_id": "Line_2", "line_name": "2 Line", "late_percent": 73.9, "time": 1270094400000}, {"line_id": "Line_2", "line_name": "2 Line", "late_percent": 74.4, "time": 1272686400000}, {"line_id": "Line_2", "line_name": "2 Line", "late_percent": 74.3, "time": 1275364800000}, {"line_id": "Line_2", "line_name": "2 Line", "late_percent": 71.8, "time": 1277956800000}, {"line_id": "Line_2", "line_name": "2 Line", "late_percent": 71.7, "time": 1280635200000}, {"line_id": "Line_2", "line_name": "2 Line", "late_percent": 72.4, "time": 1283313600000}, {"line_id": "Line_2", "line_name": "2 Line", "late_percent": 71.7, "time": 1288584000000}, {"line_id": "Line_2", "line_name": "2 Line", "late_percent": 69.6, "time": 1293858000000}, {"line_id": "Line_2", "line_name": "2 Line", "late_percent": 71.9, "time": 1296536400000}, {"line_id": "Line_2", "line_name": "2 Line", "late_percent": 72.4, "time": 1298955600000}, {"line_id": "Line_2", "line_name": "2 Line", "late_percent": 73.8, "time": 1301630400000}, {"line_id": "Line_3", "line_name": "3 Line", "late_percent": 74.3, "time": 1230786000000}, {"line_id": "Line_3", "line_name": "3 Line", "late_percent": 74.8, "time": 1233464400000}, {"line_id": "Line_3", "line_name": "3 Line", "late_percent": 75.4, "time": 1235883600000}, {"line_id": "Line_3", "line_name": "3 Line", "late_percent": 76.1, "time": 1238558400000}, {"line_id": "Line_3", "line_name": "3 Line", "late_percent": 76.0, "time": 1241150400000}, {"line_id": "Line_3", "line_name": "3 Line", "late_percent": 76.0, "time": 1243828800000}, {"line_id": "Line_3", "line_name": "3 Line", "late_percent": 76.6, "time": 1246420800000}, {"line_id": "Line_3", "line_name": "3 Line", "late_percent": 76.4, "time": 1249099200000}, {"line_id": "Line_3", "line_name": "3 Line", "late_percent": 76.9, "time": 1251777600000}, {"line_id": "Line_3", "line_name": "3 Line", "late_percent": 77.6, "time": 1254369600000}, {"line_id": "Line_3", "line_name": "3 Line", "late_percent": 77.5, "time": 1257048000000}, {"line_id": "Line_3", "line_name": "3 Line", "late_percent": 77.2, "time": 1259643600000}, {"line_id": "Line_3", "line_name": "3 Line", "late_percent": 77.8, "time": 1262322000000}, {"line_id": "Line_3", "line_name": "3 Line", "late_percent": 78.2, "time": 1265000400000}, {"line_id": "Line_3", "line_name": "3 Line", "late_percent": 77.8, "time": 1267419600000}, {"line_id": "Line_3", "line_name": "3 Line", "late_percent": 77.7, "time": 1270094400000}, {"line_id": "Line_3", "line_name": "3 Line", "late_percent": 77.6, "time": 1272686400000}, {"line_id": "Line_3", "line_name": "3 Line", "late_percent": 77.9, "time": 1275364800000}, {"line_id": "Line_3", "line_name": "3 Line", "late_percent": 77.1, "time": 1277956800000}, {"line_id": "Line_3", "line_name": "3 Line", "late_percent": 77.1, "time": 1280635200000}, {"line_id": "Line_3", "line_name": "3 Line", "late_percent": 76.0, "time": 1283313600000}, {"line_id": "Line_3", "line_name": "3 Line", "late_percent": 77.7, "time": 1288584000000}, {"line_id": "Line_3", "line_name": "3 Line", "late_percent": 75.1, "time": 1293858000000}, {"line_id": "Line_3", "line_name": "3 Line", "late_percent": 76.3, "time": 1296536400000}, {"line_id": "Line_3", "line_name": "3 Line", "late_percent": 76.1, "time": 1298955600000}, {"line_id": "Line_3", "line_name": "3 Line", "late_percent": 77.1, "time": 1301630400000}, {"line_id": "Line_4", "line_name": "4 Line", "late_percent": 68.4, "time": 1230786000000}, {"line_id": "Line_4", "line_name": "4 Line", "late_percent": 68.3, "time": 1233464400000}, {"line_id": "Line_4", "line_name": "4 Line", "late_percent": 67.9, "time": 1235883600000}, {"line_id": "Line_4", "line_name": "4 Line", "late_percent": 68.3, "time": 1238558400000}, {"line_id": "Line_4", "line_name": "4 Line", "late_percent": 68.7, "time": 1241150400000}, {"line_id": "Line_4", "line_name": "4 Line", "late_percent": 68.8, "time": 1243828800000}, {"line_id": "Line_4", "line_name": "4 Line", "late_percent": 69.0, "time": 1246420800000}, {"line_id": "Line_4", "line_name": "4 Line", "late_percent": 69.5, "time": 1249099200000}, {"line_id": "Line_4", "line_name": "4 Line", "late_percent": 70.1, "time": 1251777600000}, {"line_id": "Line_4", "line_name": "4 Line", "late_percent": 70.6, "time": 1254369600000}, {"line_id": "Line_4", "line_name": "4 Line", "late_percent": 70.9, "time": 1257048000000}, {"line_id": "Line_4", "line_name": "4 Line", "late_percent": 71.4, "time": 1259643600000}, {"line_id": "Line_4", "line_name": "4 Line", "late_percent": 72.0, "time": 1262322000000}, {"line_id": "Line_4", "line_name": "4 Line", "late_percent": 72.8, "time": 1265000400000}, {"line_id": "Line_4", "line_name": "4 Line", "late_percent": 74.0, "time": 1267419600000}, {"line_id": "Line_4", "line_name": "4 Line", "late_percent": 74.5, "time": 1270094400000}, {"line_id": "Line_4", "line_name": "4 Line", "late_percent": 75.1, "time": 1272686400000}, {"line_id": "Line_4", "line_name": "4 Line", "late_percent": 74.6, "time": 1275364800000}, {"line_id": "Line_4", "line_name": "4 Line", "late_percent": 72.7, "time": 1277956800000}, {"line_id": "Line_4", "line_name": "4 Line", "late_percent": 73.4, "time": 1280635200000}, {"line_id": "Line_4", "line_name": "4 Line", "late_percent": 74.4, "time": 1283313600000}, {"line_id": "Line_4", "line_name": "4 Line", "late_percent": 73.7, "time": 1288584000000}, {"line_id": "Line_4", "line_name": "4 Line", "late_percent": 70.1, "time": 1293858000000}, {"line_id": "Line_4", "line_name": "4 Line", "late_percent": 72.0, "time": 1296536400000}, {"line_id": "Line_4", "line_name": "4 Line", "late_percent": 72.9, "time": 1298955600000}, {"line_id": "Line_4", "line_name": "4 Line", "late_percent": 72.2, "time": 1301630400000}, {"line_id": "Line_5", "line_name": "5 Line", "late_percent": 70.6, "time": 1230786000000}, {"line_id": "Line_5", "line_name": "5 Line", "late_percent": 70.4, "time": 1233464400000}, {"line_id": "Line_5", "line_name": "5 Line", "late_percent": 70.4, "time": 1235883600000}, {"line_id": "Line_5", "line_name": "5 Line", "late_percent": 70.6, "time": 1238558400000}, {"line_id": "Line_5", "line_name": "5 Line", "late_percent": 70.5, "time": 1241150400000}, {"line_id": "Line_5", "line_name": "5 Line", "late_percent": 70.9, "time": 1243828800000}, {"line_id": "Line_5", "line_name": "5 Line", "late_percent": 72.2, "time": 1246420800000}, {"line_id": "Line_5", "line_name": "5 Line", "late_percent": 72.1, "time": 1249099200000}, {"line_id": "Line_5", "line_name": "5 Line", "late_percent": 71.8, "time": 1251777600000}, {"line_id": "Line_5", "line_name": "5 Line", "late_percent": 71.3, "time": 1254369600000}, {"line_id": "Line_5", "line_name": "5 Line", "late_percent": 71.6, "time": 1257048000000}, {"line_id": "Line_5", "line_name": "5 Line", "late_percent": 71.6, "time": 1259643600000}, {"line_id": "Line_5", "line_name": "5 Line", "late_percent": 71.0, "time": 1262322000000}, {"line_id": "Line_5", "line_name": "5 Line", "late_percent": 71.6, "time": 1265000400000}, {"line_id": "Line_5", "line_name": "5 Line", "late_percent": 71.9, "time": 1267419600000}, {"line_id": "Line_5", "line_name": "5 Line", "late_percent": 71.7, "time": 1270094400000}, {"line_id": "Line_5", "line_name": "5 Line", "late_percent": 72.4, "time": 1272686400000}, {"line_id": "Line_5", "line_name": "5 Line", "late_percent": 72.2, "time": 1275364800000}, {"line_id": "Line_5", "line_name": "5 Line", "late_percent": 72.0, "time": 1277956800000}, {"line_id": "Line_5", "line_name": "5 Line", "late_percent": 71.9, "time": 1280635200000}, {"line_id": "Line_5", "line_name": "5 Line", "late_percent": 71.9, "time": 1283313600000}, {"line_id": "Line_5", "line_name": "5 Line", "late_percent": 71.9, "time": 1288584000000}, {"line_id": "Line_5", "line_name": "5 Line", "late_percent": 67.2, "time": 1293858000000}, {"line_id": "Line_5", "line_name": "5 Line", "late_percent": 71.5, "time": 1296536400000}, {"line_id": "Line_5", "line_name": "5 Line", "late_percent": 71.4, "time": 1298955600000}, {"line_id": "Line_5", "line_name": "5 Line", "late_percent": 70.3, "time": 1301630400000}, {"line_id": "Line_6", "line_name": "6 Line", "late_percent": 71.4, "time": 1230786000000}, {"line_id": "Line_6", "line_name": "6 Line", "late_percent": 71.7, "time": 1233464400000}, {"line_id": "Line_6", "line_name": "6 Line", "late_percent": 72.1, "time": 1235883600000}, {"line_id": "Line_6", "line_name": "6 Line", "late_percent": 72.5, "time": 1238558400000}, {"line_id": "Line_6", "line_name": "6 Line", "late_percent": 73.1, "time": 1241150400000}, {"line_id": "Line_6", "line_name": "6 Line", "late_percent": 72.9, "time": 1243828800000}, {"line_id": "Line_6", "line_name": "6 Line", "late_percent": 73.0, "time": 1246420800000}, {"line_id": "Line_6", "line_name": "6 Line", "late_percent": 73.2, "time": 1249099200000}, {"line_id": "Line_6", "line_name": "6 Line", "late_percent": 74.0, "time": 1251777600000}, {"line_id": "Line_6", "line_name": "6 Line", "late_percent": 74.1, "time": 1254369600000}, {"line_id": "Line_6", "line_name": "6 Line", "late_percent": 73.3, "time": 1257048000000}, {"line_id": "Line_6", "line_name": "6 Line", "late_percent": 73.0, "time": 1259643600000}, {"line_id": "Line_6", "line_name": "6 Line", "late_percent": 73.2, "time": 1262322000000}, {"line_id": "Line_6", "line_name": "6 Line", "late_percent": 73.1, "time": 1265000400000}, {"line_id": "Line_6", "line_name": "6 Line", "late_percent": 73.2, "time": 1267419600000}, {"line_id": "Line_6", "line_name": "6 Line", "late_percent": 73.4, "time": 1270094400000}, {"line_id": "Line_6", "line_name": "6 Line", "late_percent": 73.2, "time": 1272686400000}, {"line_id": "Line_6", "line_name": "6 Line", "late_percent": 73.5, "time": 1275364800000}, {"line_id": "Line_6", "line_name": "6 Line", "late_percent": 73.3, "time": 1277956800000}, {"line_id": "Line_6", "line_name": "6 Line", "late_percent": 74.6, "time": 1280635200000}, {"line_id": "Line_6", "line_name": "6 Line", "late_percent": 75.5, "time": 1283313600000}, {"line_id": "Line_6", "line_name": "6 Line", "late_percent": 78.5, "time": 1288584000000}, {"line_id": "Line_6", "line_name": "6 Line", "late_percent": 65.8, "time": 1293858000000}, {"line_id": "Line_6", "line_name": "6 Line", "late_percent": 74.4, "time": 1296536400000}, {"line_id": "Line_6", "line_name": "6 Line", "late_percent": 76.9, "time": 1298955600000}, {"line_id": "Line_6", "line_name": "6 Line", "late_percent": 75.5, "time": 1301630400000}, {"line_id": "Line_7", "line_name": "7 Line", "late_percent": 74.5, "time": 1230786000000}, {"line_id": "Line_7", "line_name": "7 Line", "late_percent": 74.4, "time": 1233464400000}, {"line_id": "Line_7", "line_name": "7 Line", "late_percent": 74.4, "time": 1235883600000}, {"line_id": "Line_7", "line_name": "7 Line", "late_percent": 74.3, "time": 1238558400000}, {"line_id": "Line_7", "line_name": "7 Line", "late_percent": 74.8, "time": 1241150400000}, {"line_id": "Line_7", "line_name": "7 Line", "late_percent": 74.9, "time": 1243828800000}, {"line_id": "Line_7", "line_name": "7 Line", "late_percent": 74.9, "time": 1246420800000}, {"line_id": "Line_7", "line_name": "7 Line", "late_percent": 76.1, "time": 1249099200000}, {"line_id": "Line_7", "line_name": "7 Line", "late_percent": 75.8, "time": 1251777600000}, {"line_id": "Line_7", "line_name": "7 Line", "late_percent": 75.8, "time": 1254369600000}, {"line_id": "Line_7", "line_name": "7 Line", "late_percent": 76.1, "time": 1257048000000}, {"line_id": "Line_7", "line_name": "7 Line", "late_percent": 76.1, "time": 1259643600000}, {"line_id": "Line_7", "line_name": "7 Line", "late_percent": 76.1, "time": 1262322000000}, {"line_id": "Line_7", "line_name": "7 Line", "late_percent": 76.2, "time": 1265000400000}, {"line_id": "Line_7", "line_name": "7 Line", "late_percent": 75.7, "time": 1267419600000}, {"line_id": "Line_7", "line_name": "7 Line", "late_percent": 75.6, "time": 1270094400000}, {"line_id": "Line_7", "line_name": "7 Line", "late_percent": 75.4, "time": 1272686400000}, {"line_id": "Line_7", "line_name": "7 Line", "late_percent": 74.6, "time": 1275364800000}, {"line_id": "Line_7", "line_name": "7 Line", "late_percent": 74.4, "time": 1277956800000}, {"line_id": "Line_7", "line_name": "7 Line", "late_percent": 74.2, "time": 1280635200000}, {"line_id": "Line_7", "line_name": "7 Line", "late_percent": 74.1, "time": 1283313600000}, {"line_id": "Line_7", "line_name": "7 Line", "late_percent": 74.2, "time": 1288584000000}, {"line_id": "Line_7", "line_name": "7 Line", "late_percent": 74.3, "time": 1293858000000}, {"line_id": "Line_7", "line_name": "7 Line", "late_percent": 74.4, "time": 1296536400000}, {"line_id": "Line_7", "line_name": "7 Line", "late_percent": 74.7, "time": 1298955600000}, {"line_id": "Line_7", "line_name": "7 Line", "late_percent": 75.0, "time": 1301630400000}, {"line_id": "Line_A", "line_name": "A Line", "late_percent": 71.4, "time": 1230786000000}, {"line_id": "Line_A", "line_name": "A Line", "late_percent": 71.2, "time": 1233464400000}, {"line_id": "Line_A", "line_name": "A Line", "late_percent": 71.3, "time": 1235883600000}, {"line_id": "Line_A", "line_name": "A Line", "late_percent": 71.2, "time": 1238558400000}, {"line_id": "Line_A", "line_name": "A Line", "late_percent": 71.0, "time": 1241150400000}, {"line_id": "Line_A", "line_name": "A Line", "late_percent": 71.2, "time": 1243828800000}, {"line_id": "Line_A", "line_name": "A Line", "late_percent": 71.0, "time": 1246420800000}, {"line_id": "Line_A", "line_name": "A Line", "late_percent": 71.1, "time": 1249099200000}, {"line_id": "Line_A", "line_name": "A Line", "late_percent": 71.1, "time": 1251777600000}, {"line_id": "Line_A", "line_name": "A Line", "late_percent": 71.2, "time": 1254369600000}, {"line_id": "Line_A", "line_name": "A Line", "late_percent": 70.9, "time": 1257048000000}, {"line_id": "Line_A", "line_name": "A Line", "late_percent": 70.6, "time": 1259643600000}, {"line_id": "Line_A", "line_name": "A Line", "late_percent": 70.7, "time": 1262322000000}, {"line_id": "Line_A", "line_name": "A Line", "late_percent": 71.2, "time": 1265000400000}, {"line_id": "Line_A", "line_name": "A Line", "late_percent": 71.0, "time": 1267419600000}, {"line_id": "Line_A", "line_name": "A Line", "late_percent": 71.3, "time": 1270094400000}, {"line_id": "Line_A", "line_name": "A Line", "late_percent": 71.5, "time": 1272686400000}, {"line_id": "Line_A", "line_name": "A Line", "late_percent": 71.4, "time": 1275364800000}, {"line_id": "Line_A", "line_name": "A Line", "late_percent": 71.2, "time": 1277956800000}, {"line_id": "Line_A", "line_name": "A Line", "late_percent": 71.0, "time": 1280635200000}, {"line_id": "Line_A", "line_name": "A Line", "late_percent": 71.0, "time": 1283313600000}, {"line_id": "Line_A", "line_name": "A Line", "late_percent": 71.7, "time": 1288584000000}, {"line_id": "Line_A", "line_name": "A Line", "late_percent": 72.1, "time": 1293858000000}, {"line_id": "Line_A", "line_name": "A Line", "late_percent": 72.4, "time": 1296536400000}, {"line_id": "Line_A", "line_name": "A Line", "late_percent": 72.8, "time": 1298955600000}, {"line_id": "Line_A", "line_name": "A Line", "late_percent": 72.5, "time": 1301630400000}, {"line_id": "Line_B", "line_name": "B Line", "late_percent": 76.5, "time": 1230786000000}, {"line_id": "Line_B", "line_name": "B Line", "late_percent": 76.8, "time": 1233464400000}, {"line_id": "Line_B", "line_name": "B Line", "late_percent": 76.5, "time": 1235883600000}, {"line_id": "Line_B", "line_name": "B Line", "late_percent": 76.4, "time": 1238558400000}, {"line_id": "Line_B", "line_name": "B Line", "late_percent": 77.2, "time": 1241150400000}, {"line_id": "Line_B", "line_name": "B Line", "late_percent": 77.4, "time": 1243828800000}, {"line_id": "Line_B", "line_name": "B Line", "late_percent": 78.0, "time": 1246420800000}, {"line_id": "Line_B", "line_name": "B Line", "late_percent": 78.0, "time": 1249099200000}, {"line_id": "Line_B", "line_name": "B Line", "late_percent": 78.0, "time": 1251777600000}, {"line_id": "Line_B", "line_name": "B Line", "late_percent": 78.1, "time": 1254369600000}, {"line_id": "Line_B", "line_name": "B Line", "late_percent": 77.9, "time": 1257048000000}, {"line_id": "Line_B", "line_name": "B Line", "late_percent": 78.1, "time": 1259643600000}, {"line_id": "Line_B", "line_name": "B Line", "late_percent": 78.2, "time": 1262322000000}, {"line_id": "Line_B", "line_name": "B Line", "late_percent": 78.0, "time": 1265000400000}, {"line_id": "Line_B", "line_name": "B Line", "late_percent": 78.2, "time": 1267419600000}, {"line_id": "Line_B", "line_name": "B Line", "late_percent": 78.2, "time": 1270094400000}, {"line_id": "Line_B", "line_name": "B Line", "late_percent": 77.8, "time": 1272686400000}, {"line_id": "Line_B", "line_name": "B Line", "late_percent": 77.5, "time": 1275364800000}, {"line_id": "Line_B", "line_name": "B Line", "late_percent": 77.8, "time": 1277956800000}, {"line_id": "Line_B", "line_name": "B Line", "late_percent": 77.6, "time": 1280635200000}, {"line_id": "Line_B", "line_name": "B Line", "late_percent": 77.3, "time": 1283313600000}, {"line_id": "Line_B", "line_name": "B Line", "late_percent": 77.2, "time": 1288584000000}, {"line_id": "Line_B", "line_name": "B Line", "late_percent": 78.0, "time": 1293858000000}, {"line_id": "Line_B", "line_name": "B Line", "late_percent": 78.0, "time": 1296536400000}, {"line_id": "Line_B", "line_name": "B Line", "late_percent": 77.6, "time": 1298955600000}, {"line_id": "Line_B", "line_name": "B Line", "late_percent": 77.9, "time": 1301630400000}, {"line_id": "Line_C", "line_name": "C Line", "late_percent": 78.1, "time": 1230786000000}, {"line_id": "Line_C", "line_name": "C Line", "late_percent": 77.7, "time": 1233464400000}, {"line_id": "Line_C", "line_name": "C Line", "late_percent": 78.6, "time": 1235883600000}, {"line_id": "Line_C", "line_name": "C Line", "late_percent": 78.8, "time": 1238558400000}, {"line_id": "Line_C", "line_name": "C Line", "late_percent": 79.3, "time": 1241150400000}, {"line_id": "Line_C", "line_name": "C Line", "late_percent": 78.7, "time": 1243828800000}, {"line_id": "Line_C", "line_name": "C Line", "late_percent": 79.0, "time": 1246420800000}, {"line_id": "Line_C", "line_name": "C Line", "late_percent": 78.7, "time": 1249099200000}, {"line_id": "Line_C", "line_name": "C Line", "late_percent": 78.9, "time": 1251777600000}, {"line_id": "Line_C", "line_name": "C Line", "late_percent": 78.7, "time": 1254369600000}, {"line_id": "Line_C", "line_name": "C Line", "late_percent": 78.6, "time": 1257048000000}, {"line_id": "Line_C", "line_name": "C Line", "late_percent": 78.8, "time": 1259643600000}, {"line_id": "Line_C", "line_name": "C Line", "late_percent": 78.9, "time": 1262322000000}, {"line_id": "Line_C", "line_name": "C Line", "late_percent": 79.7, "time": 1265000400000}, {"line_id": "Line_C", "line_name": "C Line", "late_percent": 79.6, "time": 1267419600000}, {"line_id": "Line_C", "line_name": "C Line", "late_percent": 79.6, "time": 1270094400000}, {"line_id": "Line_C", "line_name": "C Line", "late_percent": 79.7, "time": 1272686400000}, {"line_id": "Line_C", "line_name": "C Line", "late_percent": 80.6, "time": 1275364800000}, {"line_id": "Line_C", "line_name": "C Line", "late_percent": 80.3, "time": 1277956800000}, {"line_id": "Line_C", "line_name": "C Line", "late_percent": 80.4, "time": 1280635200000}, {"line_id": "Line_C", "line_name": "C Line", "late_percent": 80.4, "time": 1283313600000}, {"line_id": "Line_C", "line_name": "C Line", "late_percent": 81.2, "time": 1288584000000}, {"line_id": "Line_C", "line_name": "C Line", "late_percent": 81.6, "time": 1293858000000}, {"line_id": "Line_C", "line_name": "C Line", "late_percent": 81.4, "time": 1296536400000}, {"line_id": "Line_C", "line_name": "C Line", "late_percent": 81.2, "time": 1298955600000}, {"line_id": "Line_C", "line_name": "C Line", "late_percent": 81.4, "time": 1301630400000}, {"line_id": "Line_D", "line_name": "D Line", "late_percent": 78.0, "time": 1230786000000}, {"line_id": "Line_D", "line_name": "D Line", "late_percent": 77.9, "time": 1233464400000}, {"line_id": "Line_D", "line_name": "D Line", "late_percent": 78.8, "time": 1235883600000}, {"line_id": "Line_D", "line_name": "D Line", "late_percent": 79.0, "time": 1238558400000}, {"line_id": "Line_D", "line_name": "D Line", "late_percent": 79.5, "time": 1241150400000}, {"line_id": "Line_D", "line_name": "D Line", "late_percent": 80.1, "time": 1243828800000}, {"line_id": "Line_D", "line_name": "D Line", "late_percent": 80.1, "time": 1246420800000}, {"line_id": "Line_D", "line_name": "D Line", "late_percent": 80.6, "time": 1249099200000}, {"line_id": "Line_D", "line_name": "D Line", "late_percent": 80.5, "time": 1251777600000}, {"line_id": "Line_D", "line_name": "D Line", "late_percent": 80.5, "time": 1254369600000}, {"line_id": "Line_D", "line_name": "D Line", "late_percent": 80.8, "time": 1257048000000}, {"line_id": "Line_D", "line_name": "D Line", "late_percent": 80.6, "time": 1259643600000}, {"line_id": "Line_D", "line_name": "D Line", "late_percent": 80.4, "time": 1262322000000}, {"line_id": "Line_D", "line_name": "D Line", "late_percent": 80.6, "time": 1265000400000}, {"line_id": "Line_D", "line_name": "D Line", "late_percent": 80.3, "time": 1267419600000}, {"line_id": "Line_D", "line_name": "D Line", "late_percent": 80.4, "time": 1270094400000}, {"line_id": "Line_D", "line_name": "D Line", "late_percent": 79.7, "time": 1272686400000}, {"line_id": "Line_D", "line_name": "D Line", "late_percent": 79.3, "time": 1275364800000}, {"line_id": "Line_D", "line_name": "D Line", "late_percent": 79.5, "time": 1277956800000}, {"line_id": "Line_D", "line_name": "D Line", "late_percent": 79.0, "time": 1280635200000}, {"line_id": "Line_D", "line_name": "D Line", "late_percent": 79.4, "time": 1283313600000}, {"line_id": "Line_D", "line_name": "D Line", "late_percent": 79.4, "time": 1288584000000}, {"line_id": "Line_D", "line_name": "D Line", "late_percent": 79.8, "time": 1293858000000}, {"line_id": "Line_D", "line_name": "D Line", "late_percent": 79.8, "time": 1296536400000}, {"line_id": "Line_D", "line_name": "D Line", "late_percent": 79.8, "time": 1298955600000}, {"line_id": "Line_D", "line_name": "D Line", "late_percent": 79.7, "time": 1301630400000}, {"line_id": "Line_E", "line_name": "E Line", "late_percent": 71.6, "time": 1230786000000}, {"line_id": "Line_E", "line_name": "E Line", "late_percent": 71.1, "time": 1233464400000}, {"line_id": "Line_E", "line_name": "E Line", "late_percent": 70.9, "time": 1235883600000}, {"line_id": "Line_E", "line_name": "E Line", "late_percent": 70.9, "time": 1238558400000}, {"line_id": "Line_E", "line_name": "E Line", "late_percent": 70.7, "time": 1241150400000}, {"line_id": "Line_E", "line_name": "E Line", "late_percent": 71.4, "time": 1243828800000}, {"line_id": "Line_E", "line_name": "E Line", "late_percent": 72.0, "time": 1246420800000}, {"line_id": "Line_E", "line_name": "E Line", "late_percent": 72.3, "time": 1249099200000}, {"line_id": "Line_E", "line_name": "E Line", "late_percent": 72.5, "time": 1251777600000}, {"line_id": "Line_E", "line_name": "E Line", "late_percent": 73.9, "time": 1254369600000}, {"line_id": "Line_E", "line_name": "E Line", "late_percent": 74.0, "time": 1257048000000}, {"line_id": "Line_E", "line_name": "E Line", "late_percent": 74.0, "time": 1259643600000}, {"line_id": "Line_E", "line_name": "E Line", "late_percent": 74.3, "time": 1262322000000}, {"line_id": "Line_E", "line_name": "E Line", "late_percent": 74.7, "time": 1265000400000}, {"line_id": "Line_E", "line_name": "E Line", "late_percent": 75.3, "time": 1267419600000}, {"line_id": "Line_E", "line_name": "E Line", "late_percent": 75.6, "time": 1270094400000}, {"line_id": "Line_E", "line_name": "E Line", "late_percent": 75.8, "time": 1272686400000}, {"line_id": "Line_E", "line_name": "E Line", "late_percent": 75.9, "time": 1275364800000}, {"line_id": "Line_E", "line_name": "E Line", "late_percent": 75.7, "time": 1277956800000}, {"line_id": "Line_E", "line_name": "E Line", "late_percent": 75.8, "time": 1280635200000}, {"line_id": "Line_E", "line_name": "E Line", "late_percent": 75.9, "time": 1283313600000}, {"line_id": "Line_E", "line_name": "E Line", "late_percent": 75.4, "time": 1288584000000}, {"line_id": "Line_E", "line_name": "E Line", "late_percent": 76.0, "time": 1293858000000}, {"line_id": "Line_E", "line_name": "E Line", "late_percent": 75.8, "time": 1296536400000}, {"line_id": "Line_E", "line_name": "E Line", "late_percent": 75.3, "time": 1298955600000}, {"line_id": "Line_E", "line_name": "E Line", "late_percent": 75.4, "time": 1301630400000}, {"line_id": "Line_F", "line_name": "F Line", "late_percent": 69.3, "time": 1230786000000}, {"line_id": "Line_F", "line_name": "F Line", "late_percent": 68.8, "time": 1233464400000}, {"line_id": "Line_F", "line_name": "F Line", "late_percent": 68.7, "time": 1235883600000}, {"line_id": "Line_F", "line_name": "F Line", "late_percent": 68.8, "time": 1238558400000}, {"line_id": "Line_F", "line_name": "F Line", "late_percent": 68.8, "time": 1241150400000}, {"line_id": "Line_F", "line_name": "F Line", "late_percent": 69.4, "time": 1243828800000}, {"line_id": "Line_F", "line_name": "F Line", "late_percent": 69.2, "time": 1246420800000}, {"line_id": "Line_F", "line_name": "F Line", "late_percent": 69.1, "time": 1249099200000}, {"line_id": "Line_F", "line_name": "F Line", "late_percent": 69.7, "time": 1251777600000}, {"line_id": "Line_F", "line_name": "F Line", "late_percent": 70.0, "time": 1254369600000}, {"line_id": "Line_F", "line_name": "F Line", "late_percent": 69.9, "time": 1257048000000}, {"line_id": "Line_F", "line_name": "F Line", "late_percent": 70.1, "time": 1259643600000}, {"line_id": "Line_F", "line_name": "F Line", "late_percent": 69.9, "time": 1262322000000}, {"line_id": "Line_F", "line_name": "F Line", "late_percent": 70.4, "time": 1265000400000}, {"line_id": "Line_F", "line_name": "F Line", "late_percent": 70.6, "time": 1267419600000}, {"line_id": "Line_F", "line_name": "F Line", "late_percent": 70.5, "time": 1270094400000}, {"line_id": "Line_F", "line_name": "F Line", "late_percent": 71.3, "time": 1272686400000}, {"line_id": "Line_F", "line_name": "F Line", "late_percent": 71.6, "time": 1275364800000}, {"line_id": "Line_F", "line_name": "F Line", "late_percent": 72.0, "time": 1277956800000}, {"line_id": "Line_F", "line_name": "F Line", "late_percent": 72.3, "time": 1280635200000}, {"line_id": "Line_F", "line_name": "F Line", "late_percent": 71.7, "time": 1283313600000}, {"line_id": "Line_F", "line_name": "F Line", "late_percent": 72.7, "time": 1288584000000}, {"line_id": "Line_F", "line_name": "F Line", "late_percent": 73.2, "time": 1293858000000}, {"line_id": "Line_F", "line_name": "F Line", "late_percent": 72.6, "time": 1296536400000}, {"line_id": "Line_F", "line_name": "F Line", "late_percent": 73.3, "time": 1298955600000}, {"line_id": "Line_F", "line_name": "F Line", "late_percent": 73.7, "time": 1301630400000}, {"line_id": "Line_G", "line_name": "G Line", "late_percent": 79.5, "time": 1230786000000}, {"line_id": "Line_G", "line_name": "G Line", "late_percent": 79.2, "time": 1233464400000}, {"line_id": "Line_G", "line_name": "G Line", "late_percent": 79.8, "time": 1235883600000}, {"line_id": "Line_G", "line_name": "G Line", "late_percent": 80.2, "time": 1238558400000}, {"line_id": "Line_G", "line_name": "G Line", "late_percent": 79.9, "time": 1241150400000}, {"line_id": "Line_G", "line_name": "G Line", "late_percent": 79.9, "time": 1243828800000}, {"line_id": "Line_G", "line_name": "G Line", "late_percent": 79.7, "time": 1246420800000}, {"line_id": "Line_G", "line_name": "G Line", "late_percent": 79.3, "time": 1249099200000}, {"line_id": "Line_G", "line_name": "G Line", "late_percent": 79.8, "time": 1251777600000}, {"line_id": "Line_G", "line_name": "G Line", "late_percent": 80.0, "time": 1254369600000}, {"line_id": "Line_G", "line_name": "G Line", "late_percent": 80.2, "time": 1257048000000}, {"line_id": "Line_G", "line_name": "G Line", "late_percent": 80.0, "time": 1259643600000}, {"line_id": "Line_G", "line_name": "G Line", "late_percent": 80.7, "time": 1262322000000}, {"line_id": "Line_G", "line_name": "G Line", "late_percent": 81.0, "time": 1265000400000}, {"line_id": "Line_G", "line_name": "G Line", "late_percent": 81.4, "time": 1267419600000}, {"line_id": "Line_G", "line_name": "G Line", "late_percent": 81.4, "time": 1270094400000}, {"line_id": "Line_G", "line_name": "G Line", "late_percent": 82.0, "time": 1272686400000}, {"line_id": "Line_G", "line_name": "G Line", "late_percent": 82.5, "time": 1275364800000}, {"line_id": "Line_G", "line_name": "G Line", "late_percent": 83.0, "time": 1277956800000}, {"line_id": "Line_G", "line_name": "G Line", "late_percent": 83.5, "time": 1280635200000}, {"line_id": "Line_G", "line_name": "G Line", "late_percent": 83.2, "time": 1283313600000}, {"line_id": "Line_G", "line_name": "G Line", "late_percent": 83.9, "time": 1288584000000}, {"line_id": "Line_G", "line_name": "G Line", "late_percent": 84.1, "time": 1293858000000}, {"line_id": "Line_G", "line_name": "G Line", "late_percent": 84.3, "time": 1296536400000}, {"line_id": "Line_G", "line_name": "G Line", "late_percent": 83.5, "time": 1298955600000}, {"line_id": "Line_G", "line_name": "G Line", "late_percent": 83.0, "time": 1301630400000}, {"line_id": "Line_Z_J", "line_name": "J Z Line", "late_percent": 82.9, "time": 1230786000000}, {"line_id": "Line_Z_J", "line_name": "J Z Line", "late_percent": 83.5, "time": 1233464400000}, {"line_id": "Line_Z_J", "line_name": "J Z Line", "late_percent": 83.8, "time": 1235883600000}, {"line_id": "Line_Z_J", "line_name": "J Z Line", "late_percent": 84.1, "time": 1238558400000}, {"line_id": "Line_Z_J", "line_name": "J Z Line", "late_percent": 84.8, "time": 1241150400000}, {"line_id": "Line_Z_J", "line_name": "J Z Line", "late_percent": 84.8, "time": 1243828800000}, {"line_id": "Line_Z_J", "line_name": "J Z Line", "late_percent": 84.8, "time": 1246420800000}, {"line_id": "Line_Z_J", "line_name": "J Z Line", "late_percent": 85.0, "time": 1249099200000}, {"line_id": "Line_Z_J", "line_name": "J Z Line", "late_percent": 85.1, "time": 1251777600000}, {"line_id": "Line_Z_J", "line_name": "J Z Line", "late_percent": 85.6, "time": 1254369600000}, {"line_id": "Line_Z_J", "line_name": "J Z Line", "late_percent": 86.1, "time": 1257048000000}, {"line_id": "Line_Z_J", "line_name": "J Z Line", "late_percent": 86.0, "time": 1259643600000}, {"line_id": "Line_Z_J", "line_name": "J Z Line", "late_percent": 86.3, "time": 1262322000000}, {"line_id": "Line_Z_J", "line_name": "J Z Line", "late_percent": 86.1, "time": 1265000400000}, {"line_id": "Line_Z_J", "line_name": "J Z Line", "late_percent": 86.5, "time": 1267419600000}, {"line_id": "Line_Z_J", "line_name": "J Z Line", "late_percent": 86.1, "time": 1270094400000}, {"line_id": "Line_Z_J", "line_name": "J Z Line", "late_percent": 85.4, "time": 1272686400000}, {"line_id": "Line_Z_J", "line_name": "J Z Line", "late_percent": 85.5, "time": 1275364800000}, {"line_id": "Line_Z_J", "line_name": "J Z Line", "late_percent": 85.9, "time": 1277956800000}, {"line_id": "Line_Z_J", "line_name": "J Z Line", "late_percent": 85.7, "time": 1280635200000}, {"line_id": "Line_Z_J", "line_name": "J Z Line", "late_percent": 85.9, "time": 1283313600000}, {"line_id": "Line_Z_J", "line_name": "J Z Line", "late_percent": 85.4, "time": 1288584000000}, {"line_id": "Line_Z_J", "line_name": "J Z Line", "late_percent": 84.9, "time": 1293858000000}, {"line_id": "Line_Z_J", "line_name": "J Z Line", "late_percent": 84.1, "time": 1296536400000}, {"line_id": "Line_Z_J", "line_name": "J Z Line", "late_percent": 83.5, "time": 1298955600000}, {"line_id": "Line_Z_J", "line_name": "J Z Line", "late_percent": 83.6, "time": 1301630400000}, {"line_id": "Line_L", "line_name": "L Line", "late_percent": 75.1, "time": 1230786000000}, {"line_id": "Line_L", "line_name": "L Line", "late_percent": 75.5, "time": 1233464400000}, {"line_id": "Line_L", "line_name": "L Line", "late_percent": 75.8, "time": 1235883600000}, {"line_id": "Line_L", "line_name": "L Line", "late_percent": 76.3, "time": 1238558400000}, {"line_id": "Line_L", "line_name": "L Line", "late_percent": 76.6, "time": 1241150400000}, {"line_id": "Line_L", "line_name": "L Line", "late_percent": 76.6, "time": 1243828800000}, {"line_id": "Line_L", "line_name": "L Line", "late_percent": 77.1, "time": 1246420800000}, {"line_id": "Line_L", "line_name": "L Line", "late_percent": 77.7, "time": 1249099200000}, {"line_id": "Line_L", "line_name": "L Line", "late_percent": 78.0, "time": 1251777600000}, {"line_id": "Line_L", "line_name": "L Line", "late_percent": 77.7, "time": 1254369600000}, {"line_id": "Line_L", "line_name": "L Line", "late_percent": 78.4, "time": 1257048000000}, {"line_id": "Line_L", "line_name": "L Line", "late_percent": 77.8, "time": 1259643600000}, {"line_id": "Line_L", "line_name": "L Line", "late_percent": 77.9, "time": 1262322000000}, {"line_id": "Line_L", "line_name": "L Line", "late_percent": 77.3, "time": 1265000400000}, {"line_id": "Line_L", "line_name": "L Line", "late_percent": 76.9, "time": 1267419600000}, {"line_id": "Line_L", "line_name": "L Line", "late_percent": 76.8, "time": 1270094400000}, {"line_id": "Line_L", "line_name": "L Line", "late_percent": 76.6, "time": 1272686400000}, {"line_id": "Line_L", "line_name": "L Line", "late_percent": 76.4, "time": 1275364800000}, {"line_id": "Line_L", "line_name": "L Line", "late_percent": 76.5, "time": 1277956800000}, {"line_id": "Line_L", "line_name": "L Line", "late_percent": 76.3, "time": 1280635200000}, {"line_id": "Line_L", "line_name": "L Line", "late_percent": 75.8, "time": 1283313600000}, {"line_id": "Line_L", "line_name": "L Line", "late_percent": 75.8, "time": 1288584000000}, {"line_id": "Line_L", "line_name": "L Line", "late_percent": 77.0, "time": 1293858000000}, {"line_id": "Line_L", "line_name": "L Line", "late_percent": 77.6, "time": 1296536400000}, {"line_id": "Line_L", "line_name": "L Line", "late_percent": 78.8, "time": 1298955600000}, {"line_id": "Line_L", "line_name": "L Line", "late_percent": 79.1, "time": 1301630400000}, {"line_id": "Line_M", "line_name": "M Line", "late_percent": 85.2, "time": 1230786000000}, {"line_id": "Line_M", "line_name": "M Line", "late_percent": 85.7, "time": 1233464400000}, {"line_id": "Line_M", "line_name": "M Line", "late_percent": 85.7, "time": 1235883600000}, {"line_id": "Line_M", "line_name": "M Line", "late_percent": 85.8, "time": 1238558400000}, {"line_id": "Line_M", "line_name": "M Line", "late_percent": 85.9, "time": 1241150400000}, {"line_id": "Line_M", "line_name": "M Line", "late_percent": 86.1, "time": 1243828800000}, {"line_id": "Line_M", "line_name": "M Line", "late_percent": 87.1, "time": 1246420800000}, {"line_id": "Line_M", "line_name": "M Line", "late_percent": 87.9, "time": 1249099200000}, {"line_id": "Line_M", "line_name": "M Line", "late_percent": 87.9, "time": 1251777600000}, {"line_id": "Line_M", "line_name": "M Line", "late_percent": 87.2, "time": 1254369600000}, {"line_id": "Line_M", "line_name": "M Line", "late_percent": 87.6, "time": 1257048000000}, {"line_id": "Line_M", "line_name": "M Line", "late_percent": 87.7, "time": 1259643600000}, {"line_id": "Line_M", "line_name": "M Line", "late_percent": 88.0, "time": 1262322000000}, {"line_id": "Line_M", "line_name": "M Line", "late_percent": 87.8, "time": 1265000400000}, {"line_id": "Line_M", "line_name": "M Line", "late_percent": 88.0, "time": 1267419600000}, {"line_id": "Line_M", "line_name": "M Line", "late_percent": 87.5, "time": 1270094400000}, {"line_id": "Line_M", "line_name": "M Line", "late_percent": 87.3, "time": 1272686400000}, {"line_id": "Line_M", "line_name": "M Line", "late_percent": 87.8, "time": 1275364800000}, {"line_id": "Line_M", "line_name": "M Line", "late_percent": 87.3, "time": 1277956800000}, {"line_id": "Line_M", "line_name": "M Line", "late_percent": 86.6, "time": 1280635200000}, {"line_id": "Line_M", "line_name": "M Line", "late_percent": 84.8, "time": 1283313600000}, {"line_id": "Line_M", "line_name": "M Line", "late_percent": 83.1, "time": 1288584000000}, {"line_id": "Line_M", "line_name": "M Line", "late_percent": 82.3, "time": 1293858000000}, {"line_id": "Line_M", "line_name": "M Line", "late_percent": 82.1, "time": 1296536400000}, {"line_id": "Line_M", "line_name": "M Line", "late_percent": 81.4, "time": 1298955600000}, {"line_id": "Line_M", "line_name": "M Line", "late_percent": 80.9, "time": 1301630400000}, {"line_id": "Line_N", "line_name": "N Line", "late_percent": 78.8, "time": 1230786000000}, {"line_id": "Line_N", "line_name": "N Line", "late_percent": 79.0, "time": 1233464400000}, {"line_id": "Line_N", "line_name": "N Line", "late_percent": 79.3, "time": 1235883600000}, {"line_id": "Line_N", "line_name": "N Line", "late_percent": 79.4, "time": 1238558400000}, {"line_id": "Line_N", "line_name": "N Line", "late_percent": 80.0, "time": 1241150400000}, {"line_id": "Line_N", "line_name": "N Line", "late_percent": 80.4, "time": 1243828800000}, {"line_id": "Line_N", "line_name": "N Line", "late_percent": 80.6, "time": 1246420800000}, {"line_id": "Line_N", "line_name": "N Line", "late_percent": 81.4, "time": 1249099200000}, {"line_id": "Line_N", "line_name": "N Line", "late_percent": 82.1, "time": 1251777600000}, {"line_id": "Line_N", "line_name": "N Line", "late_percent": 81.8, "time": 1254369600000}, {"line_id": "Line_N", "line_name": "N Line", "late_percent": 82.2, "time": 1257048000000}, {"line_id": "Line_N", "line_name": "N Line", "late_percent": 82.0, "time": 1259643600000}, {"line_id": "Line_N", "line_name": "N Line", "late_percent": 82.2, "time": 1262322000000}, {"line_id": "Line_N", "line_name": "N Line", "late_percent": 82.4, "time": 1265000400000}, {"line_id": "Line_N", "line_name": "N Line", "late_percent": 82.6, "time": 1267419600000}, {"line_id": "Line_N", "line_name": "N Line", "late_percent": 82.7, "time": 1270094400000}, {"line_id": "Line_N", "line_name": "N Line", "late_percent": 81.9, "time": 1272686400000}, {"line_id": "Line_N", "line_name": "N Line", "late_percent": 81.4, "time": 1275364800000}, {"line_id": "Line_N", "line_name": "N Line", "late_percent": 81.2, "time": 1277956800000}, {"line_id": "Line_N", "line_name": "N Line", "late_percent": 80.4, "time": 1280635200000}, {"line_id": "Line_N", "line_name": "N Line", "late_percent": 79.3, "time": 1283313600000}, {"line_id": "Line_N", "line_name": "N Line", "late_percent": 78.8, "time": 1288584000000}, {"line_id": "Line_N", "line_name": "N Line", "late_percent": 77.5, "time": 1293858000000}, {"line_id": "Line_N", "line_name": "N Line", "late_percent": 77.0, "time": 1296536400000}, {"line_id": "Line_N", "line_name": "N Line", "late_percent": 76.3, "time": 1298955600000}, {"line_id": "Line_N", "line_name": "N Line", "late_percent": 76.1, "time": 1301630400000}, {"line_id": "Line_Q", "line_name": "Q Line", "late_percent": 81.8, "time": 1230786000000}, {"line_id": "Line_Q", "line_name": "Q Line", "late_percent": 82.3, "time": 1233464400000}, {"line_id": "Line_Q", "line_name": "Q Line", "late_percent": 82.2, "time": 1235883600000}, {"line_id": "Line_Q", "line_name": "Q Line", "late_percent": 82.5, "time": 1238558400000}, {"line_id": "Line_Q", "line_name": "Q Line", "late_percent": 83.0, "time": 1241150400000}, {"line_id": "Line_Q", "line_name": "Q Line", "late_percent": 82.8, "time": 1243828800000}, {"line_id": "Line_Q", "line_name": "Q Line", "late_percent": 83.1, "time": 1246420800000}, {"line_id": "Line_Q", "line_name": "Q Line", "late_percent": 83.0, "time": 1249099200000}, {"line_id": "Line_Q", "line_name": "Q Line", "late_percent": 82.9, "time": 1251777600000}, {"line_id": "Line_Q", "line_name": "Q Line", "late_percent": 82.9, "time": 1254369600000}, {"line_id": "Line_Q", "line_name": "Q Line", "late_percent": 83.3, "time": 1257048000000}, {"line_id": "Line_Q", "line_name": "Q Line", "late_percent": 82.8, "time": 1259643600000}, {"line_id": "Line_Q", "line_name": "Q Line", "late_percent": 82.8, "time": 1262322000000}, {"line_id": "Line_Q", "line_name": "Q Line", "late_percent": 82.2, "time": 1265000400000}, {"line_id": "Line_Q", "line_name": "Q Line", "late_percent": 82.2, "time": 1267419600000}, {"line_id": "Line_Q", "line_name": "Q Line", "late_percent": 82.1, "time": 1270094400000}, {"line_id": "Line_Q", "line_name": "Q Line", "late_percent": 81.6, "time": 1272686400000}, {"line_id": "Line_Q", "line_name": "Q Line", "late_percent": 81.6, "time": 1275364800000}, {"line_id": "Line_Q", "line_name": "Q Line", "late_percent": 81.4, "time": 1277956800000}, {"line_id": "Line_Q", "line_name": "Q Line", "late_percent": 81.0, "time": 1280635200000}, {"line_id": "Line_Q", "line_name": "Q Line", "late_percent": 80.1, "time": 1283313600000}, {"line_id": "Line_Q", "line_name": "Q Line", "late_percent": 79.0, "time": 1288584000000}, {"line_id": "Line_Q", "line_name": "Q Line", "late_percent": 78.8, "time": 1293858000000}, {"line_id": "Line_Q", "line_name": "Q Line", "late_percent": 78.6, "time": 1296536400000}, {"line_id": "Line_Q", "line_name": "Q Line", "late_percent": 78.3, "time": 1298955600000}, {"line_id": "Line_Q", "line_name": "Q Line", "late_percent": 77.9, "time": 1301630400000}, {"line_id": "Line_R", "line_name": "R Line", "late_percent": 75.7, "time": 1230786000000}, {"line_id": "Line_R", "line_name": "R Line", "late_percent": 76.1, "time": 1233464400000}, {"line_id": "Line_R", "line_name": "R Line", "late_percent": 76.5, "time": 1235883600000}, {"line_id": "Line_R", "line_name": "R Line", "late_percent": 76.5, "time": 1238558400000}, {"line_id": "Line_R", "line_name": "R Line", "late_percent": 76.7, "time": 1241150400000}, {"line_id": "Line_R", "line_name": "R Line", "late_percent": 76.6, "time": 1243828800000}, {"line_id": "Line_R", "line_name": "R Line", "late_percent": 76.7, "time": 1246420800000}, {"line_id": "Line_R", "line_name": "R Line", "late_percent": 76.7, "time": 1249099200000}, {"line_id": "Line_R", "line_name": "R Line", "late_percent": 76.9, "time": 1251777600000}, {"line_id": "Line_R", "line_name": "R Line", "late_percent": 77.5, "time": 1254369600000}, {"line_id": "Line_R", "line_name": "R Line", "late_percent": 78.1, "time": 1257048000000}, {"line_id": "Line_R", "line_name": "R Line", "late_percent": 78.0, "time": 1259643600000}, {"line_id": "Line_R", "line_name": "R Line", "late_percent": 78.0, "time": 1262322000000}, {"line_id": "Line_R", "line_name": "R Line", "late_percent": 77.8, "time": 1265000400000}, {"line_id": "Line_R", "line_name": "R Line", "late_percent": 77.6, "time": 1267419600000}, {"line_id": "Line_R", "line_name": "R Line", "late_percent": 77.7, "time": 1270094400000}, {"line_id": "Line_R", "line_name": "R Line", "late_percent": 77.8, "time": 1272686400000}, {"line_id": "Line_R", "line_name": "R Line", "late_percent": 78.1, "time": 1275364800000}, {"line_id": "Line_R", "line_name": "R Line", "late_percent": 78.0, "time": 1277956800000}, {"line_id": "Line_R", "line_name": "R Line", "late_percent": 78.2, "time": 1280635200000}, {"line_id": "Line_R", "line_name": "R Line", "late_percent": 78.6, "time": 1283313600000}, {"line_id": "Line_R", "line_name": "R Line", "late_percent": 78.3, "time": 1288584000000}, {"line_id": "Line_R", "line_name": "R Line", "late_percent": 78.0, "time": 1293858000000}, {"line_id": "Line_R", "line_name": "R Line", "late_percent": 78.1, "time": 1296536400000}, {"line_id": "Line_R", "line_name": "R Line", "late_percent": 78.6, "time": 1298955600000}, {"line_id": "Line_R", "line_name": "R Line", "late_percent": 78.6, "time": 1301630400000}]