[{"line_id": "Line_1", "line_name": "1 Line", "mean": 75.603846153846149}, {"line_id": "Line_2", "line_name": "2 Line", "mean": 72.976923076923086}, {"line_id": "Line_3", "line_name": "3 Line", "mean": 76.703846153846129}, {"line_id": "Line_4", "line_name": "4 Line", "mean": 71.396153846153851}, {"line_id": "Line_5", "line_name": "5 Line", "mean": 71.265384615384633}, {"line_id": "Line_6", "line_name": "6 Line", "mean": 73.400000000000006}, {"line_id": "Line_7", "line_name": "7 Line", "mean": 75.038461538461547}, {"line_id": "Line_A", "line_name": "A Line", "mean": 71.346153846153854}, {"line_id": "Line_B", "line_name": "B Line", "mean": 77.623076923076923}, {"line_id": "Line_C", "line_name": "C Line", "mean": 79.611538461538458}, {"line_id": "Line_D", "line_name": "D Line", "mean": 79.75}, {"line_id": "Line_E", "line_name": "E Line", "mean": 73.930769230769229}, {"line_id": "Line_F", "line_name": "F Line", "mean": 70.676923076923075}, {"line_id": "Line_G", "line_name": "G Line", "mean": 81.34615384615384}, {"line_id": "Line_Z_J", "line_name": "J Z Line", "mean": 85.053846153846152}, {"line_id": "Line_L", "line_name": "L Line", "mean": 76.976923076923057}, {"line_id": "Line_M", "line_name": "M Line", "mean": 85.949999999999989}, {"line_id": "Line_N", "line_name": "N Line", "mean": 80.261538461538464}, {"line_id": "Line_Q", "line_name": "Q Line", "mean": 81.546153846153828}, {"line_id": "Line_R", "line_name": "R Line", "mean": 77.515384615384605}]